{
  "backpropType" : "Standard",
  "cacheMode" : "NONE",
  "dataType" : "FLOAT",
  "defaultConfiguration" : {
    "cacheMode" : "NONE",
    "dataType" : "FLOAT",
    "epochCount" : 0,
    "iterationCount" : 0,
    "layer" : null,
    "maxNumLineSearchIterations" : 5,
    "miniBatch" : true,
    "minimize" : true,
    "optimizationAlgo" : "STOCHASTIC_GRADIENT_DESCENT",
    "seed" : 1635161967404,
    "stepFunction" : null,
    "variables" : [ "num_dense_2d_age_W", "num_dense_2d_age_b", "cat_embed_2d_mlsfc_W", "cat_embed_2d_mcate_W", "cat_embed_2d_month_W", "cat_embed_2d_sex_W", "cat_embed_2d_time_W", "cat_embed_2d_day_W", "cat_embed_2d_fav_plc_W", "dense_W", "dense_b", "cat_embed_1d_mlsfc_W", "cat_embed_1d_mcate_W", "cat_embed_1d_month_W", "cat_embed_1d_sex_W", "cat_embed_1d_time_W", "cat_embed_1d_day_W", "cat_embed_1d_fav_plc_W", "num_dense_1d_age_W", "num_dense_1d_age_b", "dense_1_W", "dense_1_b", "deep_output_W", "deep_output_b", "deepfm_output_W", "deepfm_output_b" ]
  },
  "epochCount" : 0,
  "inferenceWorkspaceMode" : "ENABLED",
  "iterationCount" : 0,
  "networkInputs" : [ "age_fea", "mlsfc_fea", "mcate_fea", "sex_fea", "month_fea", "time_fea", "day_fea", "fav_plc_fea" ],
  "networkOutputs" : [ "deepfm_output_loss" ],
  "tbpttBackLength" : 20,
  "tbpttFwdLength" : 20,
  "topologicalOrder" : [ 0, 1, 2, 3, 4, 5, 6, 7, 34, 8, 25, 10, 26, 11, 27, 12, 28, 13, 29, 14, 30, 15, 16, 31, 9, 35, 36, 37, 38, 39, 40, 41, 17, 43, 18, 19, 20, 21, 44, 22, 23, 24, 32, 33, 42, 45, 46, 47, 48 ],
  "topologicalOrderStr" : [ "age_fea", "mlsfc_fea", "mcate_fea", "sex_fea", "month_fea", "time_fea", "day_fea", "fav_plc_fea", "num_dense_1d_age", "num_dense_2d_age", "cat_embed_1d_mlsfc", "cat_embed_2d_mlsfc", "cat_embed_1d_mcate", "cat_embed_2d_mcate", "cat_embed_1d_month", "cat_embed_2d_month", "cat_embed_1d_sex", "cat_embed_2d_sex", "cat_embed_1d_time", "cat_embed_2d_time", "cat_embed_1d_day", "cat_embed_2d_day", "cat_embed_2d_fav_plc", "cat_embed_1d_fav_plc", "reshape_7", "reshape", "reshape_1", "reshape_2", "reshape_3", "reshape_4", "reshape_5", "reshape_6", "concat_embed_2d", "fm_1d_output", "sum_of_tensors", "square_of_tensors", "flat_embed_2d", "multiply", "fm_2d_output", "dropout", "subtract", "dense", "lambda", "dropout_1", "dense_1", "deep_output", "concatenate", "deepfm_output", "deepfm_output_loss" ],
  "trainingWorkspaceMode" : "ENABLED",
  "validateOutputLayerConfig" : true,
  "vertexInputs" : {
    "num_dense_2d_age" : [ "age_fea" ],
    "reshape_7" : [ "num_dense_2d_age" ],
    "cat_embed_2d_mlsfc" : [ "mlsfc_fea" ],
    "cat_embed_2d_mcate" : [ "mcate_fea" ],
    "cat_embed_2d_month" : [ "sex_fea" ],
    "cat_embed_2d_sex" : [ "month_fea" ],
    "cat_embed_2d_time" : [ "time_fea" ],
    "cat_embed_2d_day" : [ "day_fea" ],
    "cat_embed_2d_fav_plc" : [ "fav_plc_fea" ],
    "concat_embed_2d" : [ "reshape_7", "cat_embed_2d_mlsfc", "cat_embed_2d_mcate", "cat_embed_2d_month", "cat_embed_2d_sex", "cat_embed_2d_time", "cat_embed_2d_day", "cat_embed_2d_fav_plc" ],
    "sum_of_tensors" : [ "concat_embed_2d" ],
    "square_of_tensors" : [ "concat_embed_2d" ],
    "flat_embed_2d" : [ "concat_embed_2d" ],
    "multiply" : [ "sum_of_tensors", "sum_of_tensors" ],
    "dropout" : [ "flat_embed_2d" ],
    "subtract" : [ "multiply", "sum_of_tensors" ],
    "dense" : [ "dropout" ],
    "cat_embed_1d_mlsfc" : [ "mlsfc_fea" ],
    "cat_embed_1d_mcate" : [ "mcate_fea" ],
    "cat_embed_1d_month" : [ "sex_fea" ],
    "cat_embed_1d_sex" : [ "month_fea" ],
    "cat_embed_1d_time" : [ "time_fea" ],
    "cat_embed_1d_day" : [ "day_fea" ],
    "cat_embed_1d_fav_plc" : [ "fav_plc_fea" ],
    "lambda" : [ "subtract" ],
    "dropout_1" : [ "dense" ],
    "num_dense_1d_age" : [ "age_fea" ],
    "reshape" : [ "cat_embed_1d_mlsfc" ],
    "reshape_1" : [ "cat_embed_1d_mcate" ],
    "reshape_2" : [ "cat_embed_1d_month" ],
    "reshape_3" : [ "cat_embed_1d_sex" ],
    "reshape_4" : [ "cat_embed_1d_time" ],
    "reshape_5" : [ "cat_embed_1d_day" ],
    "reshape_6" : [ "cat_embed_1d_fav_plc" ],
    "dense_1" : [ "dropout_1" ],
    "fm_1d_output" : [ "num_dense_1d_age", "reshape", "reshape_1", "reshape_2", "reshape_3", "reshape_4", "reshape_5", "reshape_6" ],
    "fm_2d_output" : [ "sum_of_tensors" ],
    "deep_output" : [ "dense_1" ],
    "concatenate" : [ "fm_1d_output", "fm_2d_output", "deep_output" ],
    "deepfm_output" : [ "concatenate" ],
    "deepfm_output_loss" : [ "deepfm_output" ]
  },
  "vertices" : {
    "num_dense_2d_age" : {
      "@class" : "org.deeplearning4j.nn.conf.graph.LayerVertex",
      "layerConf" : {
        "cacheMode" : "NONE",
        "dataType" : "FLOAT",
        "epochCount" : 0,
        "iterationCount" : 0,
        "layer" : {
          "@class" : "org.deeplearning4j.nn.conf.layers.DenseLayer",
          "activationFn" : {
            "@class" : "org.nd4j.linalg.activations.impl.ActivationIdentity"
          },
          "biasInit" : 0.0,
          "biasUpdater" : null,
          "constraints" : null,
          "gainInit" : 1.0,
          "gradientNormalization" : "None",
          "gradientNormalizationThreshold" : 1.0,
          "hasBias" : true,
          "hasLayerNorm" : false,
          "idropout" : {
            "@class" : "org.deeplearning4j.nn.conf.dropout.Dropout",
            "p" : 1.0,
            "helperAllowFallback" : true,
            "initializedHelper" : false,
            "pschedule" : null
          },
          "iupdater" : {
            "@class" : "org.nd4j.linalg.learning.config.Adam",
            "beta1" : 0.8999999761581421,
            "beta2" : 0.9990000128746033,
            "epsilon" : 1.0E-7,
            "learningRate" : 0.0010000000474974513
          },
          "layerName" : "num_dense_2d_age",
          "nin" : 1,
          "nout" : 30,
          "regularization" : [ ],
          "regularizationBias" : [ ],
          "weightInitFn" : {
            "@class" : "org.deeplearning4j.nn.weights.WeightInitXavierUniform"
          },
          "weightNoise" : null
        },
        "maxNumLineSearchIterations" : 5,
        "miniBatch" : true,
        "minimize" : true,
        "optimizationAlgo" : "STOCHASTIC_GRADIENT_DESCENT",
        "seed" : 1635161967404,
        "stepFunction" : null,
        "variables" : [ "W", "b" ]
      },
      "outputVertex" : false,
      "preProcessor" : null
    },
    "reshape_7" : {
      "@class" : "org.deeplearning4j.nn.conf.graph.PreprocessorVertex",
      "preProcessor" : {
        "@class" : "org.deeplearning4j.nn.modelimport.keras.preprocessors.ReshapePreprocessor",
        "hasMiniBatchDimension" : false,
        "inputShape" : [ 30 ],
        "targetShape" : [ 1, 30 ]
      }
    },
    "cat_embed_2d_mlsfc" : {
      "@class" : "org.deeplearning4j.nn.conf.graph.LayerVertex",
      "layerConf" : {
        "cacheMode" : "NONE",
        "dataType" : "FLOAT",
        "epochCount" : 0,
        "iterationCount" : 0,
        "layer" : {
          "@class" : "org.deeplearning4j.nn.conf.layers.EmbeddingSequenceLayer",
          "activationFn" : {
            "@class" : "org.nd4j.linalg.activations.impl.ActivationIdentity"
          },
          "biasInit" : 0.0,
          "biasUpdater" : null,
          "constraints" : null,
          "gainInit" : 1.0,
          "gradientNormalization" : "None",
          "gradientNormalizationThreshold" : 1.0,
          "hasBias" : false,
          "idropout" : {
            "@class" : "org.deeplearning4j.nn.conf.dropout.Dropout",
            "p" : 1.0,
            "helperAllowFallback" : true,
            "initializedHelper" : false,
            "pschedule" : null
          },
          "inferInputLength" : true,
          "inputLength" : 1,
          "iupdater" : {
            "@class" : "org.nd4j.linalg.learning.config.Adam",
            "beta1" : 0.8999999761581421,
            "beta2" : 0.9990000128746033,
            "epsilon" : 1.0E-7,
            "learningRate" : 0.0010000000474974513
          },
          "layerName" : "cat_embed_2d_mlsfc",
          "nin" : 4,
          "nout" : 30,
          "regularization" : [ ],
          "regularizationBias" : [ ],
          "weightInitFn" : {
            "@class" : "org.deeplearning4j.nn.weights.WeightInitDistribution",
            "distribution" : {
              "type" : "org.deeplearning4j.nn.conf.distribution.UniformDistribution",
              "lower" : -0.05,
              "upper" : 0.05
            }
          },
          "weightNoise" : null
        },
        "maxNumLineSearchIterations" : 5,
        "miniBatch" : true,
        "minimize" : true,
        "optimizationAlgo" : "STOCHASTIC_GRADIENT_DESCENT",
        "seed" : 1635161967404,
        "stepFunction" : null,
        "variables" : [ "W" ]
      },
      "outputVertex" : false,
      "preProcessor" : null
    },
    "cat_embed_2d_mcate" : {
      "@class" : "org.deeplearning4j.nn.conf.graph.LayerVertex",
      "layerConf" : {
        "cacheMode" : "NONE",
        "dataType" : "FLOAT",
        "epochCount" : 0,
        "iterationCount" : 0,
        "layer" : {
          "@class" : "org.deeplearning4j.nn.conf.layers.EmbeddingSequenceLayer",
          "activationFn" : {
            "@class" : "org.nd4j.linalg.activations.impl.ActivationIdentity"
          },
          "biasInit" : 0.0,
          "biasUpdater" : null,
          "constraints" : null,
          "gainInit" : 1.0,
          "gradientNormalization" : "None",
          "gradientNormalizationThreshold" : 1.0,
          "hasBias" : false,
          "idropout" : {
            "@class" : "org.deeplearning4j.nn.conf.dropout.Dropout",
            "p" : 1.0,
            "helperAllowFallback" : true,
            "initializedHelper" : false,
            "pschedule" : null
          },
          "inferInputLength" : true,
          "inputLength" : 1,
          "iupdater" : {
            "@class" : "org.nd4j.linalg.learning.config.Adam",
            "beta1" : 0.8999999761581421,
            "beta2" : 0.9990000128746033,
            "epsilon" : 1.0E-7,
            "learningRate" : 0.0010000000474974513
          },
          "layerName" : "cat_embed_2d_mcate",
          "nin" : 138,
          "nout" : 30,
          "regularization" : [ ],
          "regularizationBias" : [ ],
          "weightInitFn" : {
            "@class" : "org.deeplearning4j.nn.weights.WeightInitDistribution",
            "distribution" : {
              "type" : "org.deeplearning4j.nn.conf.distribution.UniformDistribution",
              "lower" : -0.05,
              "upper" : 0.05
            }
          },
          "weightNoise" : null
        },
        "maxNumLineSearchIterations" : 5,
        "miniBatch" : true,
        "minimize" : true,
        "optimizationAlgo" : "STOCHASTIC_GRADIENT_DESCENT",
        "seed" : 1635161967404,
        "stepFunction" : null,
        "variables" : [ "W" ]
      },
      "outputVertex" : false,
      "preProcessor" : null
    },
    "cat_embed_2d_month" : {
      "@class" : "org.deeplearning4j.nn.conf.graph.LayerVertex",
      "layerConf" : {
        "cacheMode" : "NONE",
        "dataType" : "FLOAT",
        "epochCount" : 0,
        "iterationCount" : 0,
        "layer" : {
          "@class" : "org.deeplearning4j.nn.conf.layers.EmbeddingSequenceLayer",
          "activationFn" : {
            "@class" : "org.nd4j.linalg.activations.impl.ActivationIdentity"
          },
          "biasInit" : 0.0,
          "biasUpdater" : null,
          "constraints" : null,
          "gainInit" : 1.0,
          "gradientNormalization" : "None",
          "gradientNormalizationThreshold" : 1.0,
          "hasBias" : false,
          "idropout" : {
            "@class" : "org.deeplearning4j.nn.conf.dropout.Dropout",
            "p" : 1.0,
            "helperAllowFallback" : true,
            "initializedHelper" : false,
            "pschedule" : null
          },
          "inferInputLength" : true,
          "inputLength" : 1,
          "iupdater" : {
            "@class" : "org.nd4j.linalg.learning.config.Adam",
            "beta1" : 0.8999999761581421,
            "beta2" : 0.9990000128746033,
            "epsilon" : 1.0E-7,
            "learningRate" : 0.0010000000474974513
          },
          "layerName" : "cat_embed_2d_month",
          "nin" : 13,
          "nout" : 30,
          "regularization" : [ ],
          "regularizationBias" : [ ],
          "weightInitFn" : {
            "@class" : "org.deeplearning4j.nn.weights.WeightInitDistribution",
            "distribution" : {
              "type" : "org.deeplearning4j.nn.conf.distribution.UniformDistribution",
              "lower" : -0.05,
              "upper" : 0.05
            }
          },
          "weightNoise" : null
        },
        "maxNumLineSearchIterations" : 5,
        "miniBatch" : true,
        "minimize" : true,
        "optimizationAlgo" : "STOCHASTIC_GRADIENT_DESCENT",
        "seed" : 1635161967404,
        "stepFunction" : null,
        "variables" : [ "W" ]
      },
      "outputVertex" : false,
      "preProcessor" : null
    },
    "cat_embed_2d_sex" : {
      "@class" : "org.deeplearning4j.nn.conf.graph.LayerVertex",
      "layerConf" : {
        "cacheMode" : "NONE",
        "dataType" : "FLOAT",
        "epochCount" : 0,
        "iterationCount" : 0,
        "layer" : {
          "@class" : "org.deeplearning4j.nn.conf.layers.EmbeddingSequenceLayer",
          "activationFn" : {
            "@class" : "org.nd4j.linalg.activations.impl.ActivationIdentity"
          },
          "biasInit" : 0.0,
          "biasUpdater" : null,
          "constraints" : null,
          "gainInit" : 1.0,
          "gradientNormalization" : "None",
          "gradientNormalizationThreshold" : 1.0,
          "hasBias" : false,
          "idropout" : {
            "@class" : "org.deeplearning4j.nn.conf.dropout.Dropout",
            "p" : 1.0,
            "helperAllowFallback" : true,
            "initializedHelper" : false,
            "pschedule" : null
          },
          "inferInputLength" : true,
          "inputLength" : 1,
          "iupdater" : {
            "@class" : "org.nd4j.linalg.learning.config.Adam",
            "beta1" : 0.8999999761581421,
            "beta2" : 0.9990000128746033,
            "epsilon" : 1.0E-7,
            "learningRate" : 0.0010000000474974513
          },
          "layerName" : "cat_embed_2d_sex",
          "nin" : 3,
          "nout" : 30,
          "regularization" : [ ],
          "regularizationBias" : [ ],
          "weightInitFn" : {
            "@class" : "org.deeplearning4j.nn.weights.WeightInitDistribution",
            "distribution" : {
              "type" : "org.deeplearning4j.nn.conf.distribution.UniformDistribution",
              "lower" : -0.05,
              "upper" : 0.05
            }
          },
          "weightNoise" : null
        },
        "maxNumLineSearchIterations" : 5,
        "miniBatch" : true,
        "minimize" : true,
        "optimizationAlgo" : "STOCHASTIC_GRADIENT_DESCENT",
        "seed" : 1635161967404,
        "stepFunction" : null,
        "variables" : [ "W" ]
      },
      "outputVertex" : false,
      "preProcessor" : null
    },
    "cat_embed_2d_time" : {
      "@class" : "org.deeplearning4j.nn.conf.graph.LayerVertex",
      "layerConf" : {
        "cacheMode" : "NONE",
        "dataType" : "FLOAT",
        "epochCount" : 0,
        "iterationCount" : 0,
        "layer" : {
          "@class" : "org.deeplearning4j.nn.conf.layers.EmbeddingSequenceLayer",
          "activationFn" : {
            "@class" : "org.nd4j.linalg.activations.impl.ActivationIdentity"
          },
          "biasInit" : 0.0,
          "biasUpdater" : null,
          "constraints" : null,
          "gainInit" : 1.0,
          "gradientNormalization" : "None",
          "gradientNormalizationThreshold" : 1.0,
          "hasBias" : false,
          "idropout" : {
            "@class" : "org.deeplearning4j.nn.conf.dropout.Dropout",
            "p" : 1.0,
            "helperAllowFallback" : true,
            "initializedHelper" : false,
            "pschedule" : null
          },
          "inferInputLength" : true,
          "inputLength" : 1,
          "iupdater" : {
            "@class" : "org.nd4j.linalg.learning.config.Adam",
            "beta1" : 0.8999999761581421,
            "beta2" : 0.9990000128746033,
            "epsilon" : 1.0E-7,
            "learningRate" : 0.0010000000474974513
          },
          "layerName" : "cat_embed_2d_time",
          "nin" : 25,
          "nout" : 30,
          "regularization" : [ ],
          "regularizationBias" : [ ],
          "weightInitFn" : {
            "@class" : "org.deeplearning4j.nn.weights.WeightInitDistribution",
            "distribution" : {
              "type" : "org.deeplearning4j.nn.conf.distribution.UniformDistribution",
              "lower" : -0.05,
              "upper" : 0.05
            }
          },
          "weightNoise" : null
        },
        "maxNumLineSearchIterations" : 5,
        "miniBatch" : true,
        "minimize" : true,
        "optimizationAlgo" : "STOCHASTIC_GRADIENT_DESCENT",
        "seed" : 1635161967404,
        "stepFunction" : null,
        "variables" : [ "W" ]
      },
      "outputVertex" : false,
      "preProcessor" : null
    },
    "cat_embed_2d_day" : {
      "@class" : "org.deeplearning4j.nn.conf.graph.LayerVertex",
      "layerConf" : {
        "cacheMode" : "NONE",
        "dataType" : "FLOAT",
        "epochCount" : 0,
        "iterationCount" : 0,
        "layer" : {
          "@class" : "org.deeplearning4j.nn.conf.layers.EmbeddingSequenceLayer",
          "activationFn" : {
            "@class" : "org.nd4j.linalg.activations.impl.ActivationIdentity"
          },
          "biasInit" : 0.0,
          "biasUpdater" : null,
          "constraints" : null,
          "gainInit" : 1.0,
          "gradientNormalization" : "None",
          "gradientNormalizationThreshold" : 1.0,
          "hasBias" : false,
          "idropout" : {
            "@class" : "org.deeplearning4j.nn.conf.dropout.Dropout",
            "p" : 1.0,
            "helperAllowFallback" : true,
            "initializedHelper" : false,
            "pschedule" : null
          },
          "inferInputLength" : true,
          "inputLength" : 1,
          "iupdater" : {
            "@class" : "org.nd4j.linalg.learning.config.Adam",
            "beta1" : 0.8999999761581421,
            "beta2" : 0.9990000128746033,
            "epsilon" : 1.0E-7,
            "learningRate" : 0.0010000000474974513
          },
          "layerName" : "cat_embed_2d_day",
          "nin" : 8,
          "nout" : 30,
          "regularization" : [ ],
          "regularizationBias" : [ ],
          "weightInitFn" : {
            "@class" : "org.deeplearning4j.nn.weights.WeightInitDistribution",
            "distribution" : {
              "type" : "org.deeplearning4j.nn.conf.distribution.UniformDistribution",
              "lower" : -0.05,
              "upper" : 0.05
            }
          },
          "weightNoise" : null
        },
        "maxNumLineSearchIterations" : 5,
        "miniBatch" : true,
        "minimize" : true,
        "optimizationAlgo" : "STOCHASTIC_GRADIENT_DESCENT",
        "seed" : 1635161967404,
        "stepFunction" : null,
        "variables" : [ "W" ]
      },
      "outputVertex" : false,
      "preProcessor" : null
    },
    "cat_embed_2d_fav_plc" : {
      "@class" : "org.deeplearning4j.nn.conf.graph.LayerVertex",
      "layerConf" : {
        "cacheMode" : "NONE",
        "dataType" : "FLOAT",
        "epochCount" : 0,
        "iterationCount" : 0,
        "layer" : {
          "@class" : "org.deeplearning4j.nn.conf.layers.EmbeddingSequenceLayer",
          "activationFn" : {
            "@class" : "org.nd4j.linalg.activations.impl.ActivationIdentity"
          },
          "biasInit" : 0.0,
          "biasUpdater" : null,
          "constraints" : null,
          "gainInit" : 1.0,
          "gradientNormalization" : "None",
          "gradientNormalizationThreshold" : 1.0,
          "hasBias" : false,
          "idropout" : {
            "@class" : "org.deeplearning4j.nn.conf.dropout.Dropout",
            "p" : 1.0,
            "helperAllowFallback" : true,
            "initializedHelper" : false,
            "pschedule" : null
          },
          "inferInputLength" : true,
          "inputLength" : 1,
          "iupdater" : {
            "@class" : "org.nd4j.linalg.learning.config.Adam",
            "beta1" : 0.8999999761581421,
            "beta2" : 0.9990000128746033,
            "epsilon" : 1.0E-7,
            "learningRate" : 0.0010000000474974513
          },
          "layerName" : "cat_embed_2d_fav_plc",
          "nin" : 137,
          "nout" : 30,
          "regularization" : [ ],
          "regularizationBias" : [ ],
          "weightInitFn" : {
            "@class" : "org.deeplearning4j.nn.weights.WeightInitDistribution",
            "distribution" : {
              "type" : "org.deeplearning4j.nn.conf.distribution.UniformDistribution",
              "lower" : -0.05,
              "upper" : 0.05
            }
          },
          "weightNoise" : null
        },
        "maxNumLineSearchIterations" : 5,
        "miniBatch" : true,
        "minimize" : true,
        "optimizationAlgo" : "STOCHASTIC_GRADIENT_DESCENT",
        "seed" : 1635161967404,
        "stepFunction" : null,
        "variables" : [ "W" ]
      },
      "outputVertex" : false,
      "preProcessor" : null
    },
    "concat_embed_2d" : {
      "@class" : "org.deeplearning4j.nn.conf.graph.MergeVertex"
    },
    "sum_of_tensors" : {
      "@class" : "org.deeplearning4j.nn.conf.graph.LayerVertex",
      "layerConf" : {
        "cacheMode" : "NONE",
        "dataType" : "FLOAT",
        "epochCount" : 0,
        "iterationCount" : 0,
        "layer" : {
          "@class" : "com.example.webapi.TensorsSum",
          "biasUpdater" : null,
          "constraints" : null,
          "gradientNormalization" : "None",
          "gradientNormalizationThreshold" : 1.0,
          "idropout" : null,
          "layerName" : "sum_of_tensors",
          "layerParams" : {
            "biasParams" : { },
            "weightParams" : { }
          },
          "paramWeightInit" : null,
          "regularization" : [ ],
          "regularizationBias" : [ ],
          "updater" : {
            "@class" : "org.nd4j.linalg.learning.config.Adam",
            "beta1" : 0.8999999761581421,
            "beta2" : 0.9990000128746033,
            "epsilon" : 1.0E-7,
            "learningRate" : 0.0010000000474974513
          },
          "weightInit" : null
        },
        "maxNumLineSearchIterations" : 5,
        "miniBatch" : true,
        "minimize" : true,
        "optimizationAlgo" : "STOCHASTIC_GRADIENT_DESCENT",
        "seed" : 1635161967404,
        "stepFunction" : null,
        "variables" : [ ]
      },
      "outputVertex" : false,
      "preProcessor" : null
    },
    "square_of_tensors" : {
      "@class" : "org.deeplearning4j.nn.conf.graph.LayerVertex",
      "layerConf" : {
        "cacheMode" : "NONE",
        "dataType" : "FLOAT",
        "epochCount" : 0,
        "iterationCount" : 0,
        "layer" : {
          "@class" : "com.example.webapi.TensorsSquare",
          "biasUpdater" : null,
          "constraints" : null,
          "gradientNormalization" : "None",
          "gradientNormalizationThreshold" : 1.0,
          "idropout" : null,
          "layerName" : "square_of_tensors",
          "layerParams" : {
            "biasParams" : { },
            "weightParams" : { }
          },
          "paramWeightInit" : null,
          "regularization" : [ ],
          "regularizationBias" : [ ],
          "updater" : {
            "@class" : "org.nd4j.linalg.learning.config.Adam",
            "beta1" : 0.8999999761581421,
            "beta2" : 0.9990000128746033,
            "epsilon" : 1.0E-7,
            "learningRate" : 0.0010000000474974513
          },
          "weightInit" : null
        },
        "maxNumLineSearchIterations" : 5,
        "miniBatch" : true,
        "minimize" : true,
        "optimizationAlgo" : "STOCHASTIC_GRADIENT_DESCENT",
        "seed" : 1635161967404,
        "stepFunction" : null,
        "variables" : [ ]
      },
      "outputVertex" : false,
      "preProcessor" : null
    },
    "flat_embed_2d" : {
      "@class" : "org.deeplearning4j.nn.conf.graph.PreprocessorVertex",
      "preProcessor" : {
        "@class" : "org.deeplearning4j.nn.modelimport.keras.preprocessors.KerasFlattenRnnPreprocessor",
        "depth" : 240,
        "tsLength" : 1
      }
    },
    "multiply" : {
      "@class" : "org.deeplearning4j.nn.conf.graph.ElementWiseVertex",
      "op" : "Product"
    },
    "dropout" : {
      "@class" : "org.deeplearning4j.nn.conf.graph.LayerVertex",
      "layerConf" : {
        "cacheMode" : "NONE",
        "dataType" : "FLOAT",
        "epochCount" : 0,
        "iterationCount" : 0,
        "layer" : {
          "@class" : "org.deeplearning4j.nn.conf.layers.DropoutLayer",
          "activationFn" : {
            "@class" : "org.nd4j.linalg.activations.impl.ActivationSigmoid"
          },
          "biasInit" : 0.0,
          "biasUpdater" : null,
          "constraints" : null,
          "gainInit" : 1.0,
          "gradientNormalization" : "None",
          "gradientNormalizationThreshold" : 1.0,
          "idropout" : {
            "@class" : "org.deeplearning4j.nn.conf.dropout.Dropout",
            "p" : 1.0,
            "helperAllowFallback" : true,
            "initializedHelper" : false,
            "pschedule" : null
          },
          "iupdater" : {
            "@class" : "org.nd4j.linalg.learning.config.Adam",
            "beta1" : 0.8999999761581421,
            "beta2" : 0.9990000128746033,
            "epsilon" : 1.0E-7,
            "learningRate" : 0.0010000000474974513
          },
          "layerName" : "dropout",
          "nin" : 0,
          "nout" : 0,
          "regularization" : [ ],
          "regularizationBias" : [ ],
          "weightInitFn" : {
            "@class" : "org.deeplearning4j.nn.weights.WeightInitXavier"
          },
          "weightNoise" : null
        },
        "maxNumLineSearchIterations" : 5,
        "miniBatch" : true,
        "minimize" : true,
        "optimizationAlgo" : "STOCHASTIC_GRADIENT_DESCENT",
        "seed" : 1635161967404,
        "stepFunction" : null,
        "variables" : [ ]
      },
      "outputVertex" : false,
      "preProcessor" : null
    },
    "subtract" : {
      "@class" : "org.deeplearning4j.nn.conf.graph.ElementWiseVertex",
      "op" : "Subtract"
    },
    "dense" : {
      "@class" : "org.deeplearning4j.nn.conf.graph.LayerVertex",
      "layerConf" : {
        "cacheMode" : "NONE",
        "dataType" : "FLOAT",
        "epochCount" : 0,
        "iterationCount" : 0,
        "layer" : {
          "@class" : "org.deeplearning4j.nn.conf.layers.DenseLayer",
          "activationFn" : {
            "@class" : "org.nd4j.linalg.activations.impl.ActivationReLU"
          },
          "biasInit" : 0.0,
          "biasUpdater" : null,
          "constraints" : null,
          "gainInit" : 1.0,
          "gradientNormalization" : "None",
          "gradientNormalizationThreshold" : 1.0,
          "hasBias" : true,
          "hasLayerNorm" : false,
          "idropout" : {
            "@class" : "org.deeplearning4j.nn.conf.dropout.Dropout",
            "p" : 1.0,
            "helperAllowFallback" : true,
            "initializedHelper" : false,
            "pschedule" : null
          },
          "iupdater" : {
            "@class" : "org.nd4j.linalg.learning.config.Adam",
            "beta1" : 0.8999999761581421,
            "beta2" : 0.9990000128746033,
            "epsilon" : 1.0E-7,
            "learningRate" : 0.0010000000474974513
          },
          "layerName" : "dense",
          "nin" : 240,
          "nout" : 64,
          "regularization" : [ ],
          "regularizationBias" : [ ],
          "weightInitFn" : {
            "@class" : "org.deeplearning4j.nn.weights.WeightInitXavierUniform"
          },
          "weightNoise" : null
        },
        "maxNumLineSearchIterations" : 5,
        "miniBatch" : true,
        "minimize" : true,
        "optimizationAlgo" : "STOCHASTIC_GRADIENT_DESCENT",
        "seed" : 1635161967404,
        "stepFunction" : null,
        "variables" : [ "W", "b" ]
      },
      "outputVertex" : false,
      "preProcessor" : null
    },
    "cat_embed_1d_mlsfc" : {
      "@class" : "org.deeplearning4j.nn.conf.graph.LayerVertex",
      "layerConf" : {
        "cacheMode" : "NONE",
        "dataType" : "FLOAT",
        "epochCount" : 0,
        "iterationCount" : 0,
        "layer" : {
          "@class" : "org.deeplearning4j.nn.conf.layers.EmbeddingSequenceLayer",
          "activationFn" : {
            "@class" : "org.nd4j.linalg.activations.impl.ActivationIdentity"
          },
          "biasInit" : 0.0,
          "biasUpdater" : null,
          "constraints" : null,
          "gainInit" : 1.0,
          "gradientNormalization" : "None",
          "gradientNormalizationThreshold" : 1.0,
          "hasBias" : false,
          "idropout" : {
            "@class" : "org.deeplearning4j.nn.conf.dropout.Dropout",
            "p" : 1.0,
            "helperAllowFallback" : true,
            "initializedHelper" : false,
            "pschedule" : null
          },
          "inferInputLength" : true,
          "inputLength" : 1,
          "iupdater" : {
            "@class" : "org.nd4j.linalg.learning.config.Adam",
            "beta1" : 0.8999999761581421,
            "beta2" : 0.9990000128746033,
            "epsilon" : 1.0E-7,
            "learningRate" : 0.0010000000474974513
          },
          "layerName" : "cat_embed_1d_mlsfc",
          "nin" : 4,
          "nout" : 1,
          "regularization" : [ ],
          "regularizationBias" : [ ],
          "weightInitFn" : {
            "@class" : "org.deeplearning4j.nn.weights.WeightInitDistribution",
            "distribution" : {
              "type" : "org.deeplearning4j.nn.conf.distribution.UniformDistribution",
              "lower" : -0.05,
              "upper" : 0.05
            }
          },
          "weightNoise" : null
        },
        "maxNumLineSearchIterations" : 5,
        "miniBatch" : true,
        "minimize" : true,
        "optimizationAlgo" : "STOCHASTIC_GRADIENT_DESCENT",
        "seed" : 1635161967404,
        "stepFunction" : null,
        "variables" : [ "W" ]
      },
      "outputVertex" : false,
      "preProcessor" : null
    },
    "cat_embed_1d_mcate" : {
      "@class" : "org.deeplearning4j.nn.conf.graph.LayerVertex",
      "layerConf" : {
        "cacheMode" : "NONE",
        "dataType" : "FLOAT",
        "epochCount" : 0,
        "iterationCount" : 0,
        "layer" : {
          "@class" : "org.deeplearning4j.nn.conf.layers.EmbeddingSequenceLayer",
          "activationFn" : {
            "@class" : "org.nd4j.linalg.activations.impl.ActivationIdentity"
          },
          "biasInit" : 0.0,
          "biasUpdater" : null,
          "constraints" : null,
          "gainInit" : 1.0,
          "gradientNormalization" : "None",
          "gradientNormalizationThreshold" : 1.0,
          "hasBias" : false,
          "idropout" : {
            "@class" : "org.deeplearning4j.nn.conf.dropout.Dropout",
            "p" : 1.0,
            "helperAllowFallback" : true,
            "initializedHelper" : false,
            "pschedule" : null
          },
          "inferInputLength" : true,
          "inputLength" : 1,
          "iupdater" : {
            "@class" : "org.nd4j.linalg.learning.config.Adam",
            "beta1" : 0.8999999761581421,
            "beta2" : 0.9990000128746033,
            "epsilon" : 1.0E-7,
            "learningRate" : 0.0010000000474974513
          },
          "layerName" : "cat_embed_1d_mcate",
          "nin" : 138,
          "nout" : 1,
          "regularization" : [ ],
          "regularizationBias" : [ ],
          "weightInitFn" : {
            "@class" : "org.deeplearning4j.nn.weights.WeightInitDistribution",
            "distribution" : {
              "type" : "org.deeplearning4j.nn.conf.distribution.UniformDistribution",
              "lower" : -0.05,
              "upper" : 0.05
            }
          },
          "weightNoise" : null
        },
        "maxNumLineSearchIterations" : 5,
        "miniBatch" : true,
        "minimize" : true,
        "optimizationAlgo" : "STOCHASTIC_GRADIENT_DESCENT",
        "seed" : 1635161967404,
        "stepFunction" : null,
        "variables" : [ "W" ]
      },
      "outputVertex" : false,
      "preProcessor" : null
    },
    "cat_embed_1d_month" : {
      "@class" : "org.deeplearning4j.nn.conf.graph.LayerVertex",
      "layerConf" : {
        "cacheMode" : "NONE",
        "dataType" : "FLOAT",
        "epochCount" : 0,
        "iterationCount" : 0,
        "layer" : {
          "@class" : "org.deeplearning4j.nn.conf.layers.EmbeddingSequenceLayer",
          "activationFn" : {
            "@class" : "org.nd4j.linalg.activations.impl.ActivationIdentity"
          },
          "biasInit" : 0.0,
          "biasUpdater" : null,
          "constraints" : null,
          "gainInit" : 1.0,
          "gradientNormalization" : "None",
          "gradientNormalizationThreshold" : 1.0,
          "hasBias" : false,
          "idropout" : {
            "@class" : "org.deeplearning4j.nn.conf.dropout.Dropout",
            "p" : 1.0,
            "helperAllowFallback" : true,
            "initializedHelper" : false,
            "pschedule" : null
          },
          "inferInputLength" : true,
          "inputLength" : 1,
          "iupdater" : {
            "@class" : "org.nd4j.linalg.learning.config.Adam",
            "beta1" : 0.8999999761581421,
            "beta2" : 0.9990000128746033,
            "epsilon" : 1.0E-7,
            "learningRate" : 0.0010000000474974513
          },
          "layerName" : "cat_embed_1d_month",
          "nin" : 13,
          "nout" : 1,
          "regularization" : [ ],
          "regularizationBias" : [ ],
          "weightInitFn" : {
            "@class" : "org.deeplearning4j.nn.weights.WeightInitDistribution",
            "distribution" : {
              "type" : "org.deeplearning4j.nn.conf.distribution.UniformDistribution",
              "lower" : -0.05,
              "upper" : 0.05
            }
          },
          "weightNoise" : null
        },
        "maxNumLineSearchIterations" : 5,
        "miniBatch" : true,
        "minimize" : true,
        "optimizationAlgo" : "STOCHASTIC_GRADIENT_DESCENT",
        "seed" : 1635161967404,
        "stepFunction" : null,
        "variables" : [ "W" ]
      },
      "outputVertex" : false,
      "preProcessor" : null
    },
    "cat_embed_1d_sex" : {
      "@class" : "org.deeplearning4j.nn.conf.graph.LayerVertex",
      "layerConf" : {
        "cacheMode" : "NONE",
        "dataType" : "FLOAT",
        "epochCount" : 0,
        "iterationCount" : 0,
        "layer" : {
          "@class" : "org.deeplearning4j.nn.conf.layers.EmbeddingSequenceLayer",
          "activationFn" : {
            "@class" : "org.nd4j.linalg.activations.impl.ActivationIdentity"
          },
          "biasInit" : 0.0,
          "biasUpdater" : null,
          "constraints" : null,
          "gainInit" : 1.0,
          "gradientNormalization" : "None",
          "gradientNormalizationThreshold" : 1.0,
          "hasBias" : false,
          "idropout" : {
            "@class" : "org.deeplearning4j.nn.conf.dropout.Dropout",
            "p" : 1.0,
            "helperAllowFallback" : true,
            "initializedHelper" : false,
            "pschedule" : null
          },
          "inferInputLength" : true,
          "inputLength" : 1,
          "iupdater" : {
            "@class" : "org.nd4j.linalg.learning.config.Adam",
            "beta1" : 0.8999999761581421,
            "beta2" : 0.9990000128746033,
            "epsilon" : 1.0E-7,
            "learningRate" : 0.0010000000474974513
          },
          "layerName" : "cat_embed_1d_sex",
          "nin" : 3,
          "nout" : 1,
          "regularization" : [ ],
          "regularizationBias" : [ ],
          "weightInitFn" : {
            "@class" : "org.deeplearning4j.nn.weights.WeightInitDistribution",
            "distribution" : {
              "type" : "org.deeplearning4j.nn.conf.distribution.UniformDistribution",
              "lower" : -0.05,
              "upper" : 0.05
            }
          },
          "weightNoise" : null
        },
        "maxNumLineSearchIterations" : 5,
        "miniBatch" : true,
        "minimize" : true,
        "optimizationAlgo" : "STOCHASTIC_GRADIENT_DESCENT",
        "seed" : 1635161967404,
        "stepFunction" : null,
        "variables" : [ "W" ]
      },
      "outputVertex" : false,
      "preProcessor" : null
    },
    "cat_embed_1d_time" : {
      "@class" : "org.deeplearning4j.nn.conf.graph.LayerVertex",
      "layerConf" : {
        "cacheMode" : "NONE",
        "dataType" : "FLOAT",
        "epochCount" : 0,
        "iterationCount" : 0,
        "layer" : {
          "@class" : "org.deeplearning4j.nn.conf.layers.EmbeddingSequenceLayer",
          "activationFn" : {
            "@class" : "org.nd4j.linalg.activations.impl.ActivationIdentity"
          },
          "biasInit" : 0.0,
          "biasUpdater" : null,
          "constraints" : null,
          "gainInit" : 1.0,
          "gradientNormalization" : "None",
          "gradientNormalizationThreshold" : 1.0,
          "hasBias" : false,
          "idropout" : {
            "@class" : "org.deeplearning4j.nn.conf.dropout.Dropout",
            "p" : 1.0,
            "helperAllowFallback" : true,
            "initializedHelper" : false,
            "pschedule" : null
          },
          "inferInputLength" : true,
          "inputLength" : 1,
          "iupdater" : {
            "@class" : "org.nd4j.linalg.learning.config.Adam",
            "beta1" : 0.8999999761581421,
            "beta2" : 0.9990000128746033,
            "epsilon" : 1.0E-7,
            "learningRate" : 0.0010000000474974513
          },
          "layerName" : "cat_embed_1d_time",
          "nin" : 25,
          "nout" : 1,
          "regularization" : [ ],
          "regularizationBias" : [ ],
          "weightInitFn" : {
            "@class" : "org.deeplearning4j.nn.weights.WeightInitDistribution",
            "distribution" : {
              "type" : "org.deeplearning4j.nn.conf.distribution.UniformDistribution",
              "lower" : -0.05,
              "upper" : 0.05
            }
          },
          "weightNoise" : null
        },
        "maxNumLineSearchIterations" : 5,
        "miniBatch" : true,
        "minimize" : true,
        "optimizationAlgo" : "STOCHASTIC_GRADIENT_DESCENT",
        "seed" : 1635161967404,
        "stepFunction" : null,
        "variables" : [ "W" ]
      },
      "outputVertex" : false,
      "preProcessor" : null
    },
    "cat_embed_1d_day" : {
      "@class" : "org.deeplearning4j.nn.conf.graph.LayerVertex",
      "layerConf" : {
        "cacheMode" : "NONE",
        "dataType" : "FLOAT",
        "epochCount" : 0,
        "iterationCount" : 0,
        "layer" : {
          "@class" : "org.deeplearning4j.nn.conf.layers.EmbeddingSequenceLayer",
          "activationFn" : {
            "@class" : "org.nd4j.linalg.activations.impl.ActivationIdentity"
          },
          "biasInit" : 0.0,
          "biasUpdater" : null,
          "constraints" : null,
          "gainInit" : 1.0,
          "gradientNormalization" : "None",
          "gradientNormalizationThreshold" : 1.0,
          "hasBias" : false,
          "idropout" : {
            "@class" : "org.deeplearning4j.nn.conf.dropout.Dropout",
            "p" : 1.0,
            "helperAllowFallback" : true,
            "initializedHelper" : false,
            "pschedule" : null
          },
          "inferInputLength" : true,
          "inputLength" : 1,
          "iupdater" : {
            "@class" : "org.nd4j.linalg.learning.config.Adam",
            "beta1" : 0.8999999761581421,
            "beta2" : 0.9990000128746033,
            "epsilon" : 1.0E-7,
            "learningRate" : 0.0010000000474974513
          },
          "layerName" : "cat_embed_1d_day",
          "nin" : 8,
          "nout" : 1,
          "regularization" : [ ],
          "regularizationBias" : [ ],
          "weightInitFn" : {
            "@class" : "org.deeplearning4j.nn.weights.WeightInitDistribution",
            "distribution" : {
              "type" : "org.deeplearning4j.nn.conf.distribution.UniformDistribution",
              "lower" : -0.05,
              "upper" : 0.05
            }
          },
          "weightNoise" : null
        },
        "maxNumLineSearchIterations" : 5,
        "miniBatch" : true,
        "minimize" : true,
        "optimizationAlgo" : "STOCHASTIC_GRADIENT_DESCENT",
        "seed" : 1635161967404,
        "stepFunction" : null,
        "variables" : [ "W" ]
      },
      "outputVertex" : false,
      "preProcessor" : null
    },
    "cat_embed_1d_fav_plc" : {
      "@class" : "org.deeplearning4j.nn.conf.graph.LayerVertex",
      "layerConf" : {
        "cacheMode" : "NONE",
        "dataType" : "FLOAT",
        "epochCount" : 0,
        "iterationCount" : 0,
        "layer" : {
          "@class" : "org.deeplearning4j.nn.conf.layers.EmbeddingSequenceLayer",
          "activationFn" : {
            "@class" : "org.nd4j.linalg.activations.impl.ActivationIdentity"
          },
          "biasInit" : 0.0,
          "biasUpdater" : null,
          "constraints" : null,
          "gainInit" : 1.0,
          "gradientNormalization" : "None",
          "gradientNormalizationThreshold" : 1.0,
          "hasBias" : false,
          "idropout" : {
            "@class" : "org.deeplearning4j.nn.conf.dropout.Dropout",
            "p" : 1.0,
            "helperAllowFallback" : true,
            "initializedHelper" : false,
            "pschedule" : null
          },
          "inferInputLength" : true,
          "inputLength" : 1,
          "iupdater" : {
            "@class" : "org.nd4j.linalg.learning.config.Adam",
            "beta1" : 0.8999999761581421,
            "beta2" : 0.9990000128746033,
            "epsilon" : 1.0E-7,
            "learningRate" : 0.0010000000474974513
          },
          "layerName" : "cat_embed_1d_fav_plc",
          "nin" : 137,
          "nout" : 1,
          "regularization" : [ ],
          "regularizationBias" : [ ],
          "weightInitFn" : {
            "@class" : "org.deeplearning4j.nn.weights.WeightInitDistribution",
            "distribution" : {
              "type" : "org.deeplearning4j.nn.conf.distribution.UniformDistribution",
              "lower" : -0.05,
              "upper" : 0.05
            }
          },
          "weightNoise" : null
        },
        "maxNumLineSearchIterations" : 5,
        "miniBatch" : true,
        "minimize" : true,
        "optimizationAlgo" : "STOCHASTIC_GRADIENT_DESCENT",
        "seed" : 1635161967404,
        "stepFunction" : null,
        "variables" : [ "W" ]
      },
      "outputVertex" : false,
      "preProcessor" : null
    },
    "lambda" : {
      "@class" : "org.deeplearning4j.nn.conf.graph.LayerVertex",
      "layerConf" : {
        "cacheMode" : "NONE",
        "dataType" : "FLOAT",
        "epochCount" : 0,
        "iterationCount" : 0,
        "layer" : {
          "@class" : "com.example.webapi.Lambda1",
          "biasUpdater" : null,
          "constraints" : null,
          "gradientNormalization" : "None",
          "gradientNormalizationThreshold" : 1.0,
          "idropout" : null,
          "layerName" : "lambda",
          "layerParams" : {
            "biasParams" : { },
            "weightParams" : { }
          },
          "paramWeightInit" : null,
          "regularization" : [ ],
          "regularizationBias" : [ ],
          "updater" : {
            "@class" : "org.nd4j.linalg.learning.config.Adam",
            "beta1" : 0.8999999761581421,
            "beta2" : 0.9990000128746033,
            "epsilon" : 1.0E-7,
            "learningRate" : 0.0010000000474974513
          },
          "weightInit" : null
        },
        "maxNumLineSearchIterations" : 5,
        "miniBatch" : true,
        "minimize" : true,
        "optimizationAlgo" : "STOCHASTIC_GRADIENT_DESCENT",
        "seed" : 1635161967404,
        "stepFunction" : null,
        "variables" : [ ]
      },
      "outputVertex" : false,
      "preProcessor" : null
    },
    "dropout_1" : {
      "@class" : "org.deeplearning4j.nn.conf.graph.LayerVertex",
      "layerConf" : {
        "cacheMode" : "NONE",
        "dataType" : "FLOAT",
        "epochCount" : 0,
        "iterationCount" : 0,
        "layer" : {
          "@class" : "org.deeplearning4j.nn.conf.layers.DropoutLayer",
          "activationFn" : {
            "@class" : "org.nd4j.linalg.activations.impl.ActivationSigmoid"
          },
          "biasInit" : 0.0,
          "biasUpdater" : null,
          "constraints" : null,
          "gainInit" : 1.0,
          "gradientNormalization" : "None",
          "gradientNormalizationThreshold" : 1.0,
          "idropout" : {
            "@class" : "org.deeplearning4j.nn.conf.dropout.Dropout",
            "p" : 1.0,
            "helperAllowFallback" : true,
            "initializedHelper" : false,
            "pschedule" : null
          },
          "iupdater" : {
            "@class" : "org.nd4j.linalg.learning.config.Adam",
            "beta1" : 0.8999999761581421,
            "beta2" : 0.9990000128746033,
            "epsilon" : 1.0E-7,
            "learningRate" : 0.0010000000474974513
          },
          "layerName" : "dropout_1",
          "nin" : 0,
          "nout" : 0,
          "regularization" : [ ],
          "regularizationBias" : [ ],
          "weightInitFn" : {
            "@class" : "org.deeplearning4j.nn.weights.WeightInitXavier"
          },
          "weightNoise" : null
        },
        "maxNumLineSearchIterations" : 5,
        "miniBatch" : true,
        "minimize" : true,
        "optimizationAlgo" : "STOCHASTIC_GRADIENT_DESCENT",
        "seed" : 1635161967404,
        "stepFunction" : null,
        "variables" : [ ]
      },
      "outputVertex" : false,
      "preProcessor" : null
    },
    "num_dense_1d_age" : {
      "@class" : "org.deeplearning4j.nn.conf.graph.LayerVertex",
      "layerConf" : {
        "cacheMode" : "NONE",
        "dataType" : "FLOAT",
        "epochCount" : 0,
        "iterationCount" : 0,
        "layer" : {
          "@class" : "org.deeplearning4j.nn.conf.layers.DenseLayer",
          "activationFn" : {
            "@class" : "org.nd4j.linalg.activations.impl.ActivationIdentity"
          },
          "biasInit" : 0.0,
          "biasUpdater" : null,
          "constraints" : null,
          "gainInit" : 1.0,
          "gradientNormalization" : "None",
          "gradientNormalizationThreshold" : 1.0,
          "hasBias" : true,
          "hasLayerNorm" : false,
          "idropout" : {
            "@class" : "org.deeplearning4j.nn.conf.dropout.Dropout",
            "p" : 1.0,
            "helperAllowFallback" : true,
            "initializedHelper" : false,
            "pschedule" : null
          },
          "iupdater" : {
            "@class" : "org.nd4j.linalg.learning.config.Adam",
            "beta1" : 0.8999999761581421,
            "beta2" : 0.9990000128746033,
            "epsilon" : 1.0E-7,
            "learningRate" : 0.0010000000474974513
          },
          "layerName" : "num_dense_1d_age",
          "nin" : 1,
          "nout" : 1,
          "regularization" : [ ],
          "regularizationBias" : [ ],
          "weightInitFn" : {
            "@class" : "org.deeplearning4j.nn.weights.WeightInitXavierUniform"
          },
          "weightNoise" : null
        },
        "maxNumLineSearchIterations" : 5,
        "miniBatch" : true,
        "minimize" : true,
        "optimizationAlgo" : "STOCHASTIC_GRADIENT_DESCENT",
        "seed" : 1635161967404,
        "stepFunction" : null,
        "variables" : [ "W", "b" ]
      },
      "outputVertex" : false,
      "preProcessor" : null
    },
    "reshape" : {
      "@class" : "org.deeplearning4j.nn.conf.graph.PreprocessorVertex",
      "preProcessor" : {
        "@class" : "org.deeplearning4j.nn.modelimport.keras.preprocessors.ReshapePreprocessor",
        "hasMiniBatchDimension" : false,
        "inputShape" : [ 1, 1 ],
        "targetShape" : [ 1 ]
      }
    },
    "reshape_1" : {
      "@class" : "org.deeplearning4j.nn.conf.graph.PreprocessorVertex",
      "preProcessor" : {
        "@class" : "org.deeplearning4j.nn.modelimport.keras.preprocessors.ReshapePreprocessor",
        "hasMiniBatchDimension" : false,
        "inputShape" : [ 1, 1 ],
        "targetShape" : [ 1 ]
      }
    },
    "reshape_2" : {
      "@class" : "org.deeplearning4j.nn.conf.graph.PreprocessorVertex",
      "preProcessor" : {
        "@class" : "org.deeplearning4j.nn.modelimport.keras.preprocessors.ReshapePreprocessor",
        "hasMiniBatchDimension" : false,
        "inputShape" : [ 1, 1 ],
        "targetShape" : [ 1 ]
      }
    },
    "reshape_3" : {
      "@class" : "org.deeplearning4j.nn.conf.graph.PreprocessorVertex",
      "preProcessor" : {
        "@class" : "org.deeplearning4j.nn.modelimport.keras.preprocessors.ReshapePreprocessor",
        "hasMiniBatchDimension" : false,
        "inputShape" : [ 1, 1 ],
        "targetShape" : [ 1 ]
      }
    },
    "reshape_4" : {
      "@class" : "org.deeplearning4j.nn.conf.graph.PreprocessorVertex",
      "preProcessor" : {
        "@class" : "org.deeplearning4j.nn.modelimport.keras.preprocessors.ReshapePreprocessor",
        "hasMiniBatchDimension" : false,
        "inputShape" : [ 1, 1 ],
        "targetShape" : [ 1 ]
      }
    },
    "reshape_5" : {
      "@class" : "org.deeplearning4j.nn.conf.graph.PreprocessorVertex",
      "preProcessor" : {
        "@class" : "org.deeplearning4j.nn.modelimport.keras.preprocessors.ReshapePreprocessor",
        "hasMiniBatchDimension" : false,
        "inputShape" : [ 1, 1 ],
        "targetShape" : [ 1 ]
      }
    },
    "reshape_6" : {
      "@class" : "org.deeplearning4j.nn.conf.graph.PreprocessorVertex",
      "preProcessor" : {
        "@class" : "org.deeplearning4j.nn.modelimport.keras.preprocessors.ReshapePreprocessor",
        "hasMiniBatchDimension" : false,
        "inputShape" : [ 1, 1 ],
        "targetShape" : [ 1 ]
      }
    },
    "dense_1" : {
      "@class" : "org.deeplearning4j.nn.conf.graph.LayerVertex",
      "layerConf" : {
        "cacheMode" : "NONE",
        "dataType" : "FLOAT",
        "epochCount" : 0,
        "iterationCount" : 0,
        "layer" : {
          "@class" : "org.deeplearning4j.nn.conf.layers.DenseLayer",
          "activationFn" : {
            "@class" : "org.nd4j.linalg.activations.impl.ActivationReLU"
          },
          "biasInit" : 0.0,
          "biasUpdater" : null,
          "constraints" : null,
          "gainInit" : 1.0,
          "gradientNormalization" : "None",
          "gradientNormalizationThreshold" : 1.0,
          "hasBias" : true,
          "hasLayerNorm" : false,
          "idropout" : {
            "@class" : "org.deeplearning4j.nn.conf.dropout.Dropout",
            "p" : 1.0,
            "helperAllowFallback" : true,
            "initializedHelper" : false,
            "pschedule" : null
          },
          "iupdater" : {
            "@class" : "org.nd4j.linalg.learning.config.Adam",
            "beta1" : 0.8999999761581421,
            "beta2" : 0.9990000128746033,
            "epsilon" : 1.0E-7,
            "learningRate" : 0.0010000000474974513
          },
          "layerName" : "dense_1",
          "nin" : 64,
          "nout" : 64,
          "regularization" : [ ],
          "regularizationBias" : [ ],
          "weightInitFn" : {
            "@class" : "org.deeplearning4j.nn.weights.WeightInitXavierUniform"
          },
          "weightNoise" : null
        },
        "maxNumLineSearchIterations" : 5,
        "miniBatch" : true,
        "minimize" : true,
        "optimizationAlgo" : "STOCHASTIC_GRADIENT_DESCENT",
        "seed" : 1635161967404,
        "stepFunction" : null,
        "variables" : [ "W", "b" ]
      },
      "outputVertex" : false,
      "preProcessor" : null
    },
    "fm_1d_output" : {
      "@class" : "org.deeplearning4j.nn.conf.graph.ElementWiseVertex",
      "op" : "Add"
    },
    "fm_2d_output" : {
      "@class" : "org.deeplearning4j.nn.conf.graph.PreprocessorVertex",
      "preProcessor" : {
        "@class" : "org.deeplearning4j.nn.modelimport.keras.preprocessors.ReshapePreprocessor",
        "hasMiniBatchDimension" : false,
        "inputShape" : [ 240, 1 ],
        "targetShape" : [ 1 ]
      }
    },
    "deep_output" : {
      "@class" : "org.deeplearning4j.nn.conf.graph.LayerVertex",
      "layerConf" : {
        "cacheMode" : "NONE",
        "dataType" : "FLOAT",
        "epochCount" : 0,
        "iterationCount" : 0,
        "layer" : {
          "@class" : "org.deeplearning4j.nn.conf.layers.DenseLayer",
          "activationFn" : {
            "@class" : "org.nd4j.linalg.activations.impl.ActivationReLU"
          },
          "biasInit" : 0.0,
          "biasUpdater" : null,
          "constraints" : null,
          "gainInit" : 1.0,
          "gradientNormalization" : "None",
          "gradientNormalizationThreshold" : 1.0,
          "hasBias" : true,
          "hasLayerNorm" : false,
          "idropout" : {
            "@class" : "org.deeplearning4j.nn.conf.dropout.Dropout",
            "p" : 1.0,
            "helperAllowFallback" : true,
            "initializedHelper" : false,
            "pschedule" : null
          },
          "iupdater" : {
            "@class" : "org.nd4j.linalg.learning.config.Adam",
            "beta1" : 0.8999999761581421,
            "beta2" : 0.9990000128746033,
            "epsilon" : 1.0E-7,
            "learningRate" : 0.0010000000474974513
          },
          "layerName" : "deep_output",
          "nin" : 64,
          "nout" : 1,
          "regularization" : [ ],
          "regularizationBias" : [ ],
          "weightInitFn" : {
            "@class" : "org.deeplearning4j.nn.weights.WeightInitXavierUniform"
          },
          "weightNoise" : null
        },
        "maxNumLineSearchIterations" : 5,
        "miniBatch" : true,
        "minimize" : true,
        "optimizationAlgo" : "STOCHASTIC_GRADIENT_DESCENT",
        "seed" : 1635161967404,
        "stepFunction" : null,
        "variables" : [ "W", "b" ]
      },
      "outputVertex" : false,
      "preProcessor" : null
    },
    "concatenate" : {
      "@class" : "org.deeplearning4j.nn.conf.graph.MergeVertex"
    },
    "deepfm_output" : {
      "@class" : "org.deeplearning4j.nn.conf.graph.LayerVertex",
      "layerConf" : {
        "cacheMode" : "NONE",
        "dataType" : "FLOAT",
        "epochCount" : 0,
        "iterationCount" : 0,
        "layer" : {
          "@class" : "org.deeplearning4j.nn.conf.layers.DenseLayer",
          "activationFn" : {
            "@class" : "org.nd4j.linalg.activations.impl.ActivationSigmoid"
          },
          "biasInit" : 0.0,
          "biasUpdater" : null,
          "constraints" : null,
          "gainInit" : 1.0,
          "gradientNormalization" : "None",
          "gradientNormalizationThreshold" : 1.0,
          "hasBias" : true,
          "hasLayerNorm" : false,
          "idropout" : {
            "@class" : "org.deeplearning4j.nn.conf.dropout.Dropout",
            "p" : 1.0,
            "helperAllowFallback" : true,
            "initializedHelper" : false,
            "pschedule" : null
          },
          "iupdater" : {
            "@class" : "org.nd4j.linalg.learning.config.Adam",
            "beta1" : 0.8999999761581421,
            "beta2" : 0.9990000128746033,
            "epsilon" : 1.0E-7,
            "learningRate" : 0.0010000000474974513
          },
          "layerName" : "deepfm_output",
          "nin" : 3,
          "nout" : 1,
          "regularization" : [ ],
          "regularizationBias" : [ ],
          "weightInitFn" : {
            "@class" : "org.deeplearning4j.nn.weights.WeightInitXavierUniform"
          },
          "weightNoise" : null
        },
        "maxNumLineSearchIterations" : 5,
        "miniBatch" : true,
        "minimize" : true,
        "optimizationAlgo" : "STOCHASTIC_GRADIENT_DESCENT",
        "seed" : 1635161967404,
        "stepFunction" : null,
        "variables" : [ "W", "b" ]
      },
      "outputVertex" : false,
      "preProcessor" : null
    },
    "deepfm_output_loss" : {
      "@class" : "org.deeplearning4j.nn.conf.graph.LayerVertex",
      "layerConf" : {
        "cacheMode" : "NONE",
        "dataType" : "FLOAT",
        "epochCount" : 0,
        "iterationCount" : 0,
        "layer" : {
          "@class" : "org.deeplearning4j.nn.conf.layers.LossLayer",
          "activationFn" : {
            "@class" : "org.nd4j.linalg.activations.impl.ActivationIdentity"
          },
          "biasInit" : 0.0,
          "biasUpdater" : null,
          "constraints" : null,
          "gainInit" : 1.0,
          "gradientNormalization" : "None",
          "gradientNormalizationThreshold" : 1.0,
          "idropout" : null,
          "iupdater" : {
            "@class" : "org.nd4j.linalg.learning.config.Adam",
            "beta1" : 0.8999999761581421,
            "beta2" : 0.9990000128746033,
            "epsilon" : 1.0E-7,
            "learningRate" : 0.0010000000474974513
          },
          "layerName" : "deepfm_output_loss",
          "lossFn" : {
            "@class" : "org.nd4j.linalg.lossfunctions.impl.LossMSE"
          },
          "nin" : 1,
          "nout" : 0,
          "regularization" : [ ],
          "regularizationBias" : [ ],
          "weightInitFn" : {
            "@class" : "org.deeplearning4j.nn.weights.WeightInitXavier"
          },
          "weightNoise" : null
        },
        "maxNumLineSearchIterations" : 5,
        "miniBatch" : true,
        "minimize" : true,
        "optimizationAlgo" : "STOCHASTIC_GRADIENT_DESCENT",
        "seed" : 1635161967404,
        "stepFunction" : null,
        "variables" : [ ]
      },
      "outputVertex" : false,
      "preProcessor" : null
    }
  }
}